{
    "inputs": [
        [
            "550c000000000000000000000000000000000000000000000000000000000000",
            "4704000000000000000000000000000000000000000000000000000000000000",
            "bd09000000000000000000000000000000000000000000000000000000000000"
        ]
    ],
    "pretty_elements": {
        "rescaled_inputs": [
            [
                "1.54150390625",
                "0.53466796875",
                "1.21728515625"
            ]
        ],
        "inputs": [
            [
                "0x0000000000000000000000000000000000000000000000000000000000000c55",
                "0x0000000000000000000000000000000000000000000000000000000000000447",
                "0x00000000000000000000000000000000000000000000000000000000000009bd"
            ]
        ],
        "processed_inputs": [],
        "processed_params": [],
        "processed_outputs": [],
        "rescaled_outputs": [
            [
                "0.27392578125",
                "0.6484375",
                "0",
                "0"
            ]
        ],
        "outputs": [
            [
                "0x0000000000000000000000000000000000000000000000000000000000000231",
                "0x0000000000000000000000000000000000000000000000000000000000000530",
                "0x0000000000000000000000000000000000000000000000000000000000000000",
                "0x0000000000000000000000000000000000000000000000000000000000000000"
            ]
        ]
    },
    "outputs": [
        [
            "3102000000000000000000000000000000000000000000000000000000000000",
            "3005000000000000000000000000000000000000000000000000000000000000",
            "0000000000000000000000000000000000000000000000000000000000000000",
            "0000000000000000000000000000000000000000000000000000000000000000"
        ]
    ],
    "processed_inputs": null,
    "processed_params": null,
    "processed_outputs": null,
    "max_lookup_inputs": 1328,
    "min_lookup_inputs": -2829,
    "max_range_size": 2048
}